2022-12-04 00:50:00.135636,person,0.59
2022-12-04 00:50:01.184363,person,0.52
2022-12-04 00:50:01.202412,person,0.43
2022-12-04 00:50:01.234666,person,0.35
2022-12-04 00:50:01.267006,person,0.9
2022-12-04 00:50:01.283258,person,0.89
2022-12-04 00:50:01.300127,person,0.91
2022-12-04 00:50:01.332929,person,0.91
2022-12-04 00:50:01.370807,person,0.91
2022-12-04 00:50:01.398574,person,0.91
2022-12-04 00:50:01.432845,person,0.91
2022-12-04 00:50:01.469885,person,0.91
2022-12-04 00:50:01.501599,person,0.91
2022-12-04 00:50:01.532703,person,0.9
2022-12-04 00:50:01.570125,person,0.91
2022-12-04 00:50:01.600030,person,0.91
2022-12-04 00:50:01.630744,person,0.92
2022-12-04 00:50:01.663401,person,0.91
2022-12-04 00:50:01.697872,person,0.91
2022-12-04 00:50:01.736273,person,0.91
2022-12-04 00:50:01.767999,person,0.92
2022-12-04 00:50:01.799697,person,0.91
2022-12-04 00:50:01.831085,person,0.91
2022-12-04 00:50:01.869409,person,0.89
2022-12-04 00:50:01.900958,person,0.91
2022-12-04 00:50:01.932392,person,0.87
2022-12-04 00:50:01.964787,person,0.9
2022-12-04 00:50:02.000997,person,0.89
2022-12-04 00:50:02.032901,person,0.87
2022-12-04 00:50:02.066739,person,0.83
2022-12-04 00:50:02.101194,person,0.85
2022-12-04 00:50:02.131383,person,0.87
2022-12-04 00:50:02.165716,person,0.87
2022-12-04 00:50:02.199735,person,0.87
2022-12-04 00:50:02.230595,person,0.87
2022-12-04 00:50:02.264898,person,0.88
2022-12-04 00:50:02.299148,person,0.88
2022-12-04 00:50:02.331007,person,0.9
2022-12-04 00:50:02.367948,person,0.88
2022-12-04 00:50:02.399653,person,0.87
2022-12-04 00:50:02.435774,person,0.86
2022-12-04 00:50:02.467973,person,0.89
2022-12-04 00:50:02.499934,person,0.88
2022-12-04 00:50:02.529961,person,0.9
2022-12-04 00:50:02.562726,person,0.88
2022-12-04 00:50:02.599890,person,0.87
2022-12-04 00:50:02.632260,person,0.87
2022-12-04 00:50:02.667667,person,0.88
2022-12-04 00:50:02.701598,person,0.88
2022-12-04 00:50:02.732288,person,0.88
2022-12-04 00:50:02.769285,person,0.88
2022-12-04 00:50:02.801248,person,0.85
2022-12-04 00:50:02.831398,person,0.88
2022-12-04 00:50:02.863454,person,0.89
2022-12-04 00:50:02.897915,person,0.89
2022-12-04 00:50:02.937462,person,0.9
2022-12-04 00:50:02.966384,person,0.89
2022-12-04 00:50:02.999350,person,0.9
2022-12-04 00:50:03.030951,person,0.91
2022-12-04 00:50:03.067390,person,0.91
2022-12-04 00:50:03.099502,person,0.9
2022-12-04 00:50:03.130091,person,0.91
2022-12-04 00:50:03.163927,person,0.9
2022-12-04 00:50:03.199352,person,0.9
2022-12-04 00:50:03.230301,person,0.91
2022-12-04 00:50:03.267466,person,0.9
2022-12-04 00:50:03.299611,person,0.91
2022-12-04 00:50:03.331860,person,0.89
2022-12-04 00:50:03.367473,person,0.91
2022-12-04 00:50:03.399972,person,0.91
2022-12-04 00:50:03.435725,person,0.91
2022-12-04 00:50:03.467202,person,0.9
2022-12-04 00:50:03.499619,person,0.89
2022-12-04 00:50:03.530230,person,0.9
2022-12-04 00:50:03.563093,person,0.9
2022-12-04 00:50:03.599297,person,0.89
2022-12-04 00:50:03.629466,person,0.9
2022-12-04 00:50:03.663332,person,0.91
2022-12-04 00:50:03.699773,person,0.89
2022-12-04 00:50:03.730942,person,0.9
2022-12-04 00:50:03.768432,person,0.89
2022-12-04 00:50:03.799647,person,0.9
2022-12-04 00:50:03.837062,person,0.9
2022-12-04 00:50:03.864664,person,0.88
2022-12-04 00:50:03.899030,person,0.88
2022-12-04 00:50:03.929775,person,0.89
2022-12-04 00:50:03.963281,person,0.88
2022-12-04 00:50:03.996779,person,0.88
2022-12-04 00:50:04.035304,person,0.89
2022-12-04 00:50:04.067442,person,0.88
2022-12-04 00:50:04.100900,person,0.89
2022-12-04 00:50:04.137299,person,0.88
2022-12-04 00:50:04.166268,person,0.88
2022-12-04 00:50:04.198899,person,0.88
2022-12-04 00:50:04.229748,person,0.89
2022-12-04 00:50:04.268359,person,0.88
2022-12-04 00:50:04.297054,person,0.89
2022-12-04 00:50:04.333336,person,0.89
2022-12-04 00:50:04.368741,person,0.89
2022-12-04 00:50:04.399683,person,0.9
2022-12-04 00:50:04.433189,person,0.89
2022-12-04 00:50:04.463248,person,0.9
2022-12-04 00:50:04.499258,person,0.89
2022-12-04 00:50:04.529784,person,0.89
2022-12-04 00:50:04.567800,person,0.9
2022-12-04 00:50:04.599510,person,0.9
2022-12-04 00:50:04.630531,person,0.9
2022-12-04 00:50:04.665533,person,0.9
2022-12-04 00:50:04.699396,person,0.9
2022-12-04 00:50:04.735755,person,0.91
2022-12-04 00:50:04.765056,person,0.9
2022-12-04 00:50:04.797253,person,0.91
2022-12-04 00:50:04.835426,person,0.91
2022-12-04 00:50:04.866752,person,0.89
2022-12-04 00:50:04.896493,person,0.91
2022-12-04 00:50:04.932537,person,0.92
2022-12-04 00:50:04.961725,person,0.91
2022-12-04 00:50:04.998130,person,0.91
2022-12-04 00:50:05.036506,person,0.91
2022-12-04 00:50:05.064349,person,0.91
2022-12-04 00:50:05.098726,person,0.91
2022-12-04 00:50:05.130234,person,0.91
2022-12-04 00:50:05.166690,person,0.91
2022-12-04 00:50:05.195087,person,0.91
2022-12-04 00:50:05.232476,person,0.91
2022-12-04 00:50:05.267241,person,0.91
2022-12-04 00:50:05.296789,person,0.91
2022-12-04 00:50:05.332956,person,0.9
2022-12-04 00:50:05.366980,person,0.91
2022-12-04 00:50:05.398815,person,0.9
2022-12-04 00:50:05.433832,person,0.91
2022-12-04 00:50:05.464648,person,0.92
2022-12-04 00:50:05.499149,person,0.92
2022-12-04 00:50:05.534873,person,0.91
2022-12-04 00:50:05.566900,person,0.91
2022-12-04 00:50:05.596545,person,0.92
2022-12-04 00:50:05.632860,person,0.91
2022-12-04 00:50:05.663521,person,0.91
2022-12-04 00:50:05.699139,person,0.91
2022-12-04 00:50:05.735266,person,0.91
2022-12-04 00:50:05.764693,person,0.91
2022-12-04 00:50:05.793074,person,0.9
2022-12-04 00:50:05.824250,person,0.9
2022-12-04 00:50:05.862104,person,0.91
2022-12-04 00:50:05.895778,person,0.9
2022-12-04 00:50:05.924755,person,0.76
2022-12-04 00:50:05.964150,person,0.76
2022-12-04 00:50:05.993316,person,0.48
2022-12-04 00:50:06.030367,person,0.35
2022-12-04 00:50:08.357745,person,0.39
2022-12-04 00:50:08.357835,person,0.31
2022-12-04 00:50:08.392083,person,0.61
2022-12-04 00:50:08.392152,person,0.39
2022-12-04 00:50:08.427862,person,0.61
2022-12-04 00:50:08.427931,person,0.48
2022-12-04 00:50:08.464036,person,0.67
2022-12-04 00:50:08.464122,person,0.35
2022-12-04 00:50:08.495889,person,0.76
2022-12-04 00:50:08.495970,person,0.35
2022-12-04 00:50:08.527210,person,0.77
2022-12-04 00:50:08.558817,person,0.74
2022-12-04 00:50:08.595163,person,0.82
2022-12-04 00:50:08.627303,person,0.79
2022-12-04 00:50:08.660131,person,0.8
2022-12-04 00:50:08.697066,person,0.8
2022-12-04 00:50:08.728403,person,0.79
2022-12-04 00:50:08.759614,person,0.79
2022-12-04 00:50:08.797255,person,0.83
2022-12-04 00:50:08.828833,person,0.84
2022-12-04 00:50:08.828915,person,0.35
2022-12-04 00:50:08.860215,person,0.83
2022-12-04 00:50:08.897425,person,0.87
2022-12-04 00:50:08.897495,person,0.37
2022-12-04 00:50:08.928855,person,0.86
2022-12-04 00:50:08.965281,person,0.88
2022-12-04 00:50:08.997153,person,0.9
2022-12-04 00:50:09.029005,person,0.89
2022-12-04 00:50:09.062842,person,0.89
2022-12-04 00:50:09.097507,person,0.88
2022-12-04 00:50:09.129294,person,0.89
2022-12-04 00:50:09.160376,person,0.89
2022-12-04 00:50:09.197164,person,0.89
2022-12-04 00:50:09.228088,person,0.87
2022-12-04 00:50:09.265541,person,0.9
2022-12-04 00:50:09.297165,person,0.91
2022-12-04 00:50:09.326487,person,0.91
2022-12-04 00:50:09.365259,person,0.9
2022-12-04 00:50:09.396544,person,0.9
2022-12-04 00:50:09.426401,person,0.9
2022-12-04 00:50:09.460826,person,0.91
2022-12-04 00:50:09.491989,person,0.91
2022-12-04 00:50:09.528722,person,0.89
2022-12-04 00:50:09.560571,person,0.9
2022-12-04 00:50:09.593291,person,0.9
2022-12-04 00:50:09.628950,person,0.9
2022-12-04 00:50:09.660687,person,0.9
2022-12-04 00:50:09.692183,person,0.91
2022-12-04 00:50:09.728989,person,0.9
2022-12-04 00:50:09.760562,person,0.9
2022-12-04 00:50:09.791813,person,0.91
2022-12-04 00:50:09.829204,person,0.9
2022-12-04 00:50:09.861017,person,0.9
2022-12-04 00:50:09.894782,person,0.91
2022-12-04 00:50:09.929236,person,0.9
2022-12-04 00:50:09.960819,person,0.91
2022-12-04 00:50:09.991447,person,0.91
2022-12-04 00:50:10.026795,person,0.9
2022-12-04 00:50:10.055875,person,0.91
2022-12-04 00:50:10.096938,person,0.91
2022-12-04 00:50:10.128888,person,0.9
2022-12-04 00:50:10.160820,person,0.91
2022-12-04 00:50:10.191133,person,0.9
2022-12-04 00:50:10.228495,person,0.91
2022-12-04 00:50:10.260439,person,0.91
2022-12-04 00:50:10.292507,person,0.91
2022-12-04 00:50:10.328722,person,0.91
2022-12-04 00:50:10.360379,person,0.91
2022-12-04 00:50:10.391233,person,0.91
2022-12-04 00:50:10.428841,person,0.91
2022-12-04 00:50:10.460353,person,0.9
2022-12-04 00:50:10.491208,person,0.91
2022-12-04 00:50:10.529269,person,0.91
2022-12-04 00:50:10.560591,person,0.91
2022-12-04 00:50:10.591659,person,0.92
2022-12-04 00:50:10.623780,person,0.91
2022-12-04 00:50:10.659823,person,0.91
2022-12-04 00:50:10.696843,person,0.92
2022-12-04 00:50:10.726388,person,0.91
2022-12-04 00:50:10.760811,person,0.92
2022-12-04 00:50:10.797033,person,0.93
2022-12-04 00:50:10.828585,person,0.93
2022-12-04 00:50:10.860602,person,0.92
2022-12-04 00:50:10.890000,person,0.92
2022-12-04 00:50:10.928847,person,0.91
2022-12-04 00:50:10.958526,person,0.92
2022-12-04 00:50:10.991953,person,0.92
2022-12-04 00:50:11.028387,person,0.92
2022-12-04 00:50:11.057718,person,0.93
2022-12-04 00:50:11.091406,person,0.93
2022-12-04 00:50:11.126358,person,0.93
2022-12-04 00:50:11.160745,person,0.94
2022-12-04 00:50:11.189801,person,0.94
2022-12-04 00:50:11.226120,person,0.95
2022-12-04 00:50:11.260580,person,0.95
2022-12-04 00:50:11.291504,person,0.95
2022-12-04 17:10:32.984779,person,0.72
2022-12-04 17:10:34.071696,person,0.71
2022-12-04 17:10:34.091406,person,0.71
2022-12-04 17:10:34.124180,person,0.69
2022-12-04 17:10:34.148344,person,0.69
2022-12-04 17:10:34.172634,person,0.61
2022-12-04 17:10:34.190302,person,0.63
2022-12-04 17:10:34.254839,person,0.61
2022-12-04 17:10:34.310016,person,0.63
2022-12-04 17:10:34.373252,person,0.57
2022-12-04 17:10:34.430074,person,0.57
2022-12-04 17:10:34.488301,person,0.61
2022-12-04 17:10:34.548396,person,0.61
2022-12-04 17:10:34.608074,person,0.54
2022-12-04 17:10:34.666293,person,0.52
2022-12-04 17:10:34.724162,person,0.59
2022-12-04 17:10:34.784284,person,0.59
2022-12-04 17:10:34.844892,person,0.52
2022-12-04 17:10:34.902398,person,0.52
2022-12-04 17:10:34.959967,person,0.59
2022-12-04 17:10:35.019762,person,0.57
2022-12-04 18:17:57.750156,person,0.61
2022-12-04 18:17:58.805497,person,0.63
2022-12-04 18:17:58.830913,person,0.69
2022-12-04 18:17:58.858006,person,0.71
2022-12-04 18:17:58.873907,person,0.71
2022-12-04 18:17:58.890323,person,0.93
2022-12-04 18:17:58.907386,person,0.93
2022-12-04 18:17:58.930951,person,0.93
2022-12-04 18:17:58.947320,person,0.92
2022-12-04 18:17:58.975411,person,0.92
2022-12-04 18:17:59.013476,person,0.92
2022-12-04 18:17:59.045918,person,0.92
2022-12-04 18:17:59.075158,person,0.93
2022-12-04 18:17:59.107389,person,0.92
2022-12-04 18:17:59.144188,person,0.93
2022-12-04 18:17:59.179691,person,0.93
2022-12-04 18:17:59.214130,person,0.93
2022-12-04 18:17:59.242899,person,0.93
2022-12-04 18:17:59.276102,person,0.93
2022-12-04 18:17:59.312344,person,0.93
2022-12-04 18:17:59.349675,person,0.93
2022-12-04 18:17:59.381281,person,0.91
2022-12-04 18:17:59.413701,person,0.91
2022-12-04 18:17:59.445663,person,0.91
2022-12-04 18:17:59.477962,person,0.92
2022-12-04 18:17:59.513256,person,0.91
2022-12-04 18:17:59.545911,person,0.91
2022-12-04 18:17:59.582225,person,0.91
2022-12-04 18:17:59.614125,person,0.92
2022-12-04 18:17:59.649807,person,0.93
2022-12-04 18:17:59.681442,person,0.92
2022-12-04 18:17:59.713577,person,0.92
2022-12-04 18:17:59.745934,person,0.92
2022-12-04 18:17:59.782844,person,0.91
2022-12-04 18:17:59.812830,person,0.93
2022-12-04 18:17:59.845838,person,0.93
2022-12-04 18:17:59.882276,person,0.92
2022-12-04 18:17:59.913176,person,0.92
2022-12-04 18:17:59.946342,person,0.92
2022-12-04 18:17:59.981366,person,0.91
2022-12-04 18:18:00.013401,person,0.91
2022-12-04 18:18:00.046101,person,0.91
2022-12-04 18:18:00.082835,person,0.91
2022-12-04 18:18:00.114759,person,0.83
2022-12-04 18:18:00.144297,person,0.82
2022-12-04 18:18:00.181987,person,0.8
2022-12-04 18:18:00.213001,person,0.8
2022-12-04 18:18:00.250159,person,0.83
2022-12-04 18:18:00.282466,person,0.77
2022-12-04 18:18:00.314491,person,0.71
2022-12-04 18:18:00.345666,person,0.74
2022-12-04 18:18:00.377612,person,0.69
2022-12-04 18:18:00.414572,person,0.71
2022-12-04 18:18:00.449918,person,0.79
2022-12-04 18:18:00.481835,person,0.79
2022-12-04 18:18:00.513587,person,0.76
2022-12-04 18:18:00.546235,person,0.83
2022-12-04 18:18:00.583299,person,0.82
2022-12-04 18:18:00.609914,person,0.8
2022-12-04 18:18:00.646323,person,0.8
2022-12-04 18:18:00.681886,person,0.79
2022-12-04 18:18:00.713668,person,0.76
2022-12-04 18:18:00.745489,person,0.74
2022-12-04 18:18:00.778809,person,0.79
2022-12-04 18:18:00.814593,person,0.76
2022-12-04 18:18:00.845488,person,0.77
2022-12-04 18:18:00.881963,person,0.76
2022-12-04 18:18:00.912194,person,0.74
2022-12-04 18:18:00.947215,person,0.74
2022-12-04 18:18:00.977102,person,0.69
2022-12-04 18:18:01.013970,person,0.74
2022-12-04 18:18:01.045738,person,0.77
2022-12-04 18:18:01.079725,person,0.8
2022-12-04 18:18:01.114367,person,0.8
2022-12-04 18:18:01.146911,person,0.79
2022-12-04 18:18:01.178298,person,0.86
2022-12-04 18:18:01.209470,person,0.86
2022-12-04 18:18:01.246048,person,0.85
2022-12-04 18:18:01.278313,person,0.85
2022-12-04 18:18:01.314632,person,0.83
2022-12-04 18:18:01.345726,person,0.83
2022-12-04 18:18:01.382309,person,0.84
2022-12-04 18:18:01.414117,person,0.83
2022-12-04 18:18:01.443079,person,0.85
2022-12-04 18:18:01.481350,person,0.85
2022-12-04 18:18:01.513664,person,0.85
2022-12-04 18:18:01.546468,person,0.85
2022-12-04 18:18:01.578021,person,0.86
2022-12-04 18:18:01.613940,person,0.86
2022-12-04 18:18:01.646767,person,0.85
2022-12-04 18:18:01.676921,person,0.87
2022-12-04 18:18:01.709527,person,0.89
2022-12-04 18:18:01.747221,person,0.88
2022-12-04 18:18:01.778112,person,0.85
2022-12-04 18:18:01.809845,person,0.85
2022-12-04 18:18:01.846308,person,0.83
2022-12-04 18:18:01.877643,person,0.85
2022-12-04 18:18:01.911640,person,0.84
2022-12-04 18:18:01.946427,person,0.85
2022-12-04 18:18:01.977929,person,0.85
2022-12-04 18:18:02.013979,person,0.85
2022-12-04 18:18:02.047520,person,0.84
2022-12-04 18:18:02.081205,person,0.86
2022-12-04 18:18:02.115190,person,0.85
2022-12-04 18:18:02.145181,person,0.88
2022-12-04 18:18:02.177732,person,0.86
2022-12-04 18:18:02.211539,person,0.85
2022-12-04 18:18:02.248196,person,0.85
2022-12-04 18:18:02.283134,person,0.86
2022-12-04 18:18:02.314245,person,0.86
2022-12-04 18:18:02.346243,person,0.86
2022-12-04 18:18:02.384645,person,0.86
2022-12-04 18:18:02.416498,person,0.86
2022-12-04 18:18:02.447107,person,0.85
2022-12-04 18:18:02.485273,person,0.86
2022-12-04 18:18:02.511660,person,0.85
2022-12-04 18:18:02.547657,person,0.85
2022-12-04 18:18:02.584825,person,0.85
2022-12-04 18:18:02.617891,person,0.84
2022-12-04 18:18:02.647911,person,0.85
2022-12-04 18:18:02.684366,person,0.84
2022-12-04 18:18:02.715924,person,0.84
2022-12-04 18:18:02.745798,person,0.85
2022-12-04 18:18:02.779109,person,0.85
2022-12-04 18:18:02.816906,person,0.85
2022-12-04 18:18:02.848545,person,0.84
2022-12-04 18:18:02.882854,person,0.85
2022-12-04 18:18:02.915242,person,0.85
2022-12-04 18:18:02.946224,person,0.84
2022-12-04 18:18:02.983484,person,0.85
2022-12-04 18:18:03.018246,person,0.86
2022-12-04 18:18:03.050236,person,0.84
2022-12-04 18:18:03.084162,person,0.84
2022-12-04 18:18:03.116081,person,0.84
2022-12-04 18:18:03.148155,person,0.84
2022-12-04 18:18:03.186393,person,0.84
2022-12-04 18:18:03.218186,person,0.85
2022-12-04 18:18:03.250760,person,0.86
2022-12-04 18:18:03.284657,person,0.85
2022-12-04 18:18:03.316325,person,0.86
2022-12-04 18:18:03.345885,person,0.87
2022-12-04 18:18:03.385039,person,0.86
2022-12-04 18:18:03.416791,person,0.87
2022-12-04 18:18:03.448570,person,0.87
2022-12-04 18:18:03.478979,person,0.87
2022-12-04 18:18:03.517067,person,0.86
2022-12-04 18:18:03.548857,person,0.86
2022-12-04 18:18:03.585600,person,0.85
2022-12-04 18:18:03.617489,person,0.87
2022-12-04 18:18:03.649381,person,0.86
2022-12-04 18:18:03.678917,person,0.88
2022-12-04 18:18:03.712428,person,0.88
2022-12-04 18:18:03.748961,person,0.86
2022-12-04 18:18:03.779282,person,0.86
2022-12-04 18:18:03.814752,person,0.85
2022-12-04 18:18:03.846660,person,0.85
2022-12-04 18:18:03.885158,person,0.86
2022-12-04 18:18:03.917092,person,0.87
2022-12-04 18:18:03.946254,person,0.87
2022-12-04 18:18:03.985248,person,0.91
2022-12-04 18:18:04.017477,person,0.91
2022-12-04 18:18:04.050955,person,0.9
2022-12-04 18:18:04.080878,person,0.9
2022-12-04 18:18:04.119116,person,0.91
2022-12-04 18:18:04.150853,person,0.89
2022-12-04 18:18:04.180885,person,0.89
2022-12-04 18:18:04.214986,person,0.88
2022-12-04 18:18:04.246698,person,0.88
2022-12-04 18:18:04.285349,person,0.9
2022-12-04 18:18:04.332204,person,0.89
2022-12-04 18:18:04.349314,person,0.91
2022-12-04 18:18:04.379246,person,0.9
2022-12-04 18:18:04.411365,person,0.9
2022-12-04 18:18:04.449313,person,0.9
2022-12-04 18:18:04.480272,person,0.91
2022-12-04 18:18:04.513811,person,0.91
2022-12-04 18:18:04.549123,person,0.91
2022-12-04 18:18:04.586272,person,0.91
2022-12-04 18:18:04.617839,person,0.91
2022-12-04 18:18:04.645559,person,0.91
2022-12-04 18:18:04.684768,person,0.91
2022-12-04 18:18:04.716914,person,0.91
2022-12-04 18:18:04.747358,person,0.91
2022-12-04 18:18:04.786640,person,0.91
2022-12-04 18:18:04.818389,person,0.91
2022-12-04 18:18:04.850852,person,0.91
2022-12-04 18:18:04.881342,person,0.9
2022-12-04 18:18:04.918519,person,0.91
2022-12-04 18:18:04.950578,person,0.91
2022-12-04 18:18:04.983688,person,0.91
2022-12-04 18:18:05.019339,person,0.91
2022-12-04 18:18:05.050569,person,0.91
2022-12-04 18:18:05.083820,person,0.91
2022-12-04 18:18:05.119150,person,0.91
2022-12-04 18:18:05.150901,person,0.91
2022-12-04 18:18:05.184586,person,0.91
2022-12-04 18:18:05.220067,person,0.91
2022-12-04 18:18:05.250140,person,0.91
2022-12-04 18:18:05.285986,person,0.91
2022-12-04 18:18:05.317105,person,0.91
2022-12-04 18:18:05.346968,person,0.91
2022-12-04 18:18:05.385258,person,0.91
2022-12-04 18:18:05.412320,person,0.91
2022-12-04 18:18:05.450353,person,0.91
2022-12-04 18:18:05.486488,person,0.91
2022-12-04 18:18:05.518557,person,0.91
2022-12-04 18:18:05.550394,person,0.91
2022-12-04 18:18:05.580878,person,0.91
2022-12-04 18:18:05.612882,person,0.91
2022-12-04 18:18:05.651138,person,0.91
2022-12-04 18:18:05.682061,person,0.91
2022-12-04 18:18:05.716908,person,0.91
2022-12-04 18:18:05.749860,person,0.91
2022-12-04 18:18:05.780590,person,0.91
2022-12-04 18:18:05.815213,person,0.91
2022-12-04 18:18:05.846494,person,0.91
2022-12-04 18:18:05.885640,person,0.91
2022-12-04 18:18:05.917615,person,0.91
2022-12-04 18:18:05.949899,person,0.91
2022-12-04 18:18:05.982621,person,0.91
2022-12-04 18:18:06.018023,person,0.91
2022-12-04 18:18:06.049762,person,0.91
2022-12-04 18:18:06.082399,person,0.91
2022-12-04 18:18:06.118139,person,0.91
2022-12-04 18:18:06.150282,person,0.91
2022-12-04 18:18:06.180959,person,0.91
2022-12-04 18:18:06.218478,person,0.91
2022-12-04 18:18:06.250111,person,0.91
2022-12-04 18:18:06.280503,person,0.91
2022-12-04 18:18:06.314674,person,0.91
2022-12-04 18:18:06.349756,person,0.91
2022-12-04 18:18:06.382511,person,0.91
2022-12-04 18:18:06.418455,person,0.91
2022-12-04 18:18:06.450850,person,0.91
2022-12-04 18:18:06.480969,person,0.93
2022-12-04 18:18:06.516445,person,0.91
2022-12-04 18:18:06.551295,person,0.91
2022-12-04 18:18:06.585098,person,0.91
2022-12-04 18:18:06.617168,person,0.91
2022-12-04 18:18:06.647519,person,0.91
2022-12-04 18:18:06.684289,person,0.91
2022-12-04 18:18:06.718276,person,0.91
2022-12-04 18:18:06.750392,person,0.91
2022-12-04 18:18:06.782941,person,0.91
2022-12-04 18:18:06.819040,person,0.91
2022-12-04 18:18:06.850945,person,0.92
2022-12-04 18:18:06.882111,person,0.91
2022-12-04 18:18:06.918266,person,0.91
2022-12-04 18:18:06.950284,person,0.91
2022-12-04 18:18:06.983640,person,0.91
2022-12-04 18:18:07.017885,person,0.91
2022-12-04 18:18:07.049888,person,0.91
2022-12-04 18:18:07.083247,person,0.91
2022-12-04 18:18:07.118191,person,0.91
2022-12-04 18:18:07.148838,person,0.91
2022-12-04 18:18:07.181626,person,0.91
2022-12-04 18:18:07.213914,person,0.91
2022-12-04 18:18:07.246048,person,0.91
2022-12-04 18:18:07.286550,person,0.91
2022-12-04 18:18:07.322907,person,0.91
2022-12-04 18:18:07.346292,person,0.91
2022-12-04 18:18:07.386218,person,0.91
2022-12-04 18:18:07.418106,person,0.91
2022-12-04 18:18:07.449976,person,0.91
2022-12-04 18:18:07.486323,person,0.91
2022-12-04 18:18:07.518206,person,0.91
2022-12-04 18:18:07.549329,person,0.91
2022-12-04 18:18:07.583735,person,0.91
2022-12-04 18:18:07.613298,person,0.91
2022-12-04 18:18:07.647332,person,0.91
2022-12-04 18:18:07.688973,person,0.91
2022-12-04 18:18:07.718088,person,0.91
2022-12-04 18:18:07.750469,person,0.91
2022-12-04 18:18:07.788519,person,0.91
2022-12-04 18:18:07.818241,person,0.91
2022-12-04 18:18:07.846075,person,0.91
2022-12-04 18:18:07.888323,person,0.91
2022-12-04 18:18:07.920554,person,0.91
2022-12-04 18:18:07.952478,person,0.91
2022-12-04 18:18:07.986498,person,0.91
2022-12-04 18:18:08.018613,person,0.91
2022-12-04 18:18:08.051093,person,0.91
2022-12-04 18:18:08.088786,person,0.91
2022-12-04 18:18:08.120238,person,0.91
2022-12-04 18:18:08.152382,person,0.91
2022-12-04 18:18:08.186225,person,0.91
2022-12-04 18:18:08.218276,person,0.91
2022-12-04 18:18:08.250391,person,0.91
2022-12-04 18:18:08.288568,person,0.91
2022-12-04 18:18:08.321306,person,0.91
2022-12-04 18:18:08.353294,person,0.91
2022-12-04 18:18:08.386607,person,0.91
2022-12-04 18:18:08.418592,person,0.91
2022-12-04 18:18:08.448555,person,0.91
2022-12-04 18:18:08.485570,person,0.91
2022-12-04 18:18:08.518476,person,0.91
2022-12-04 18:18:08.547112,person,0.9
2022-12-04 18:18:08.588341,person,0.91
2022-12-04 18:18:08.620759,person,0.91
2022-12-04 18:18:08.652800,person,0.91
2022-12-04 18:18:08.682917,person,0.91
2022-12-04 18:18:08.721152,person,0.91
2022-12-04 18:18:08.753148,person,0.91
2022-12-04 18:18:08.782883,person,0.91
2022-12-04 18:18:08.821436,person,0.92
2022-12-04 18:18:08.847527,person,0.91
2022-12-04 18:18:08.889467,person,0.91
2022-12-04 18:18:08.920684,person,0.91
2022-12-04 18:18:08.950480,person,0.91
2022-12-04 18:18:08.988989,person,0.91
2022-12-04 18:18:09.020666,person,0.91
2022-12-04 18:18:09.052746,person,0.91
2022-12-04 18:18:09.082918,person,0.91
2022-12-04 18:18:09.115395,person,0.91
2022-12-04 18:18:09.146973,person,0.91
2022-12-04 18:18:09.184346,person,0.9
2022-12-04 18:18:09.218999,person,0.89
2022-12-04 18:18:09.251139,person,0.9
2022-12-04 18:18:09.289321,person,0.88
2022-12-04 18:18:09.320154,person,0.89
2022-12-04 18:18:09.352701,person,0.91
2022-12-04 18:18:09.383300,person,0.91
2022-12-04 18:18:09.419050,person,0.9
2022-12-04 18:18:09.455029,person,0.91
2022-12-04 18:18:09.484962,person,0.91
2022-12-04 18:18:09.518914,person,0.9
2022-12-04 18:18:09.552490,person,0.91
2022-12-04 18:18:09.591203,person,0.91
2022-12-04 18:18:09.622543,person,0.9
2022-12-04 18:18:09.652382,person,0.91
2022-12-04 18:18:09.690146,person,0.91
2022-12-04 18:18:09.722454,person,0.9
2022-12-04 18:18:09.754357,person,0.91
2022-12-04 18:18:09.783271,person,0.9
2022-12-04 18:18:09.815225,person,0.91
2022-12-04 18:18:09.849547,person,0.91
2022-12-04 18:18:09.886917,person,0.9
2022-12-04 18:18:09.922563,person,0.91
2022-12-04 18:18:09.954232,person,0.91
2022-12-04 18:18:09.984817,person,0.9
2022-12-04 18:18:10.021209,person,0.91
2022-12-04 18:18:10.054988,person,0.91
2022-12-04 18:18:10.087086,person,0.91
2022-12-04 18:18:10.122503,person,0.9
2022-12-04 18:18:10.154520,person,0.9
2022-12-04 18:18:10.186146,person,0.91
2022-12-04 18:18:10.223138,person,0.91
2022-12-04 18:18:10.250833,person,0.91
2022-12-04 18:18:10.291436,person,0.92
2022-12-04 18:18:10.322909,person,0.92
2022-12-04 18:18:10.353041,person,0.92
2022-12-04 18:18:10.386238,person,0.92
2022-12-04 18:18:10.422550,person,0.94
2022-12-04 18:18:10.455340,person,0.94
2022-12-04 18:49:16.000452,person,0.43
2022-12-04 18:49:17.272551,person,0.48
2022-12-04 18:49:17.292513,person,0.5
2022-12-04 18:49:17.311641,person,0.52
2022-12-04 18:49:17.329820,person,0.5
2022-12-04 18:49:17.348040,person,0.5
2022-12-04 18:49:17.369290,person,0.5
2022-12-04 18:49:17.385968,person,0.52
2022-12-04 18:49:17.414257,person,0.72
2022-12-04 18:49:17.452884,person,0.72
2022-12-04 18:49:17.485598,person,0.76
2022-12-04 18:49:17.516816,person,0.76
2022-12-04 18:49:17.550510,person,0.77
2022-12-04 18:49:17.585653,person,0.8
2022-12-04 18:49:17.613412,person,0.74
2022-12-04 18:49:17.652600,person,0.77
2022-12-04 18:49:17.683878,person,0.77
2022-12-04 18:49:17.718077,person,0.79
2022-12-04 18:49:17.748123,person,0.8
2022-12-04 18:49:17.785438,person,0.83
2022-12-04 18:49:17.817608,person,0.85
2022-12-04 18:49:17.852028,person,0.84
2022-12-04 18:49:17.887695,person,0.84
2022-12-04 18:49:17.917135,person,0.83
2022-12-04 18:49:17.948400,person,0.82
2022-12-04 18:49:17.978423,person,0.84
2022-12-04 18:49:18.016852,person,0.82
2022-12-04 18:49:18.046274,person,0.82
2022-12-04 18:49:18.084726,person,0.82
2022-12-04 18:49:18.117498,person,0.83
2022-12-04 18:49:18.153449,person,0.8
2022-12-04 18:49:18.185329,person,0.79
2022-12-04 18:49:18.215159,person,0.79
2022-12-04 18:49:18.248859,person,0.83
2022-12-04 18:49:18.285432,person,0.84
2022-12-04 18:49:18.313420,person,0.8
2022-12-04 18:55:17.461893,person,0.83
2022-12-04 18:55:18.042868,person,0.84
2022-12-04 18:55:18.566148,person,0.84
2022-12-04 18:55:19.089196,person,0.84
2022-12-04 18:55:19.610293,person,0.83
2022-12-04 18:55:20.133074,person,0.84
2022-12-04 18:55:20.655481,person,0.85
2022-12-04 18:55:21.179202,person,0.84
2022-12-04 18:55:21.702925,person,0.85
2022-12-04 18:55:22.221788,person,0.84
2022-12-04 18:55:22.746769,person,0.85
2022-12-04 18:55:23.270856,person,0.85
2022-12-04 18:55:23.792337,person,0.88
2022-12-04 18:55:24.315552,person,0.83
2022-12-04 18:55:24.839322,person,0.83
2022-12-04 18:55:25.363183,person,0.82
2022-12-04 18:55:25.887271,person,0.82
2022-12-04 18:55:26.410482,person,0.82
2022-12-04 18:55:26.937627,person,0.8
2022-12-04 18:55:27.462429,person,0.84
2022-12-04 18:55:27.985907,person,0.84
2022-12-04 18:55:28.511608,person,0.85
2022-12-04 18:55:29.037987,person,0.84
2022-12-04 18:55:29.562846,person,0.86
2022-12-04 18:55:30.086855,person,0.86
2022-12-04 18:55:30.611200,person,0.85
2022-12-04 18:55:31.133398,person,0.87
2022-12-04 18:55:31.656963,person,0.87
2022-12-04 18:55:32.178229,person,0.88
2022-12-04 18:55:32.699666,person,0.89
2022-12-04 18:55:33.221715,person,0.9
2022-12-04 18:55:33.745331,person,0.88
2022-12-04 18:55:34.268566,person,0.8
